Model,Stage,Samples,MAE,MSE,RMSE,R2,Accuracy,Precision,Recall,F1
Active Learning,Round 1,1100,1.2638169527053833,2.4194910526275635,1.5554713281277683,-0.013907432556152344,0.272,0.2276094276094276,0.2126029975887177,0.20882147150803865
Active Learning,Round 2,1200,1.263411045074463,2.4065024852752686,1.551290586987257,-0.008464455604553223,0.264,0.2348316498316498,0.1885203102502164,0.19336806983865806
Active Learning,Round 3,1300,1.2759201526641846,2.4543802738189697,1.5666461865459507,-0.02852809429168701,0.256,0.21764853503983936,0.20384617875437946,0.1988337740203412
Active Learning,Round 4,1400,1.2706475257873535,2.43733286857605,1.5611959737893413,-0.021384119987487793,0.248,0.21606982361532412,0.20299059448794252,0.1983164983164983
Active Learning,Round 5,1500,1.2769931554794312,2.4503960609436035,1.5653740961647487,-0.02685844898223877,0.248,0.2194150441305735,0.20485105960422156,0.1984453857572137
Active Learning,Final,1500,1.263411045074463,2.4065024852752686,1.551290586987257,-0.008464455604553223,0.264,0.2348316498316498,0.1885203102502164,0.19336806983865806
