Model,Stage,Samples,MAE,MSE,RMSE,R2,Accuracy,Precision,Recall,F1
Pseudo-Labeling,Iteration 1,4032,1.2779011726379395,2.459150791168213,1.5681679728805242,-0.030527234077453613,0.24,0.18427840578378213,0.17731158214226347,0.1691248824999427
Pseudo-Labeling,Iteration 2,4143,1.2732932567596436,2.4404101371765137,1.5621812113761047,-0.022673726081848145,0.24,0.20381678474245093,0.17731158214226347,0.1715042086267287
Pseudo-Labeling,Iteration 3,4146,1.2734267711639404,2.440725564956665,1.5622821656015489,-0.02280592918395996,0.24,0.20381678474245093,0.17731158214226347,0.1715042086267287
Pseudo-Labeling,Final,4146,1.2732932567596436,2.4404101371765137,1.5621812113761047,-0.022673726081848145,0.24,0.20381678474245093,0.17731158214226347,0.1715042086267287
